hash,status
ccf74279c111a304eb5d886771b591656142fc5f845747a7cf469325241b4ea0,failed
2a212d28ad71f8f8696cb1093d52385f00af00e3034ce3b74d071ca9f6d80f2c,clean
409f142838cd0375ab9e68eba0227c53281bae03481b050685c11e9901eefdf4,clean
c185ba921b777731c564ff85f61fe4dc5eb778783b330a618c1273802ca6da68,malicious
55aa535dfbf08d2def3e08df4ce7f776993d589db5a7d8e6e56eca6d279f12a1,malicious
851d1e02b134b222d0e4012c2bbb61828f1219c66ec5ed9ca291c406cb83461f,malicious
ed28af8be3034a730d691291764f3528d5efafbde4627f1097b80242ddd01637,malicious
1c2e8128e1003557e4a1345b261c583a1749dcd157be13ed31aeecd783e9b182,malicious
72a97fd1a28f419ae5595383aee282825f0c356893fa499d310340faeccbed51,malicious
d3a7185b5957fba290254d06cbb8033a92cf1a573f1c5baf3eedc66fbfbf9f58,malicious
62f4adf71f30a05be8afaf121e264810f6c636bdc35d6c7427cc74122b124544,malicious
9ecdd62921e5649abd0fb1311d8ae3e56288506e11506150075c41b31cb71995,clean
46a0af01305735fdac3d9620d0af302c4f045823d8d4f7eb250f51bfd68a34d5,clean
a0ad15fee9e40f76ae57770ece0cc9557ba5edb34485437cf25c3ee11e447f03,malicious
63b8d11dac646c5a53b2ab19c52bf870ddddc5a9131abfb6cc7c37811f019d8d,clean
